<?xml version="1.0" encoding="utf-16"?>
<CustomProgram>
  <Volume>1250</Volume>
  <Channels>0</Channels>
  <Name>REMOVE_H2O</Name>
  <Description>along long side of 48-well plate Greiner 677180</Description>
  <ExtendedVolume>true</ExtendedVolume>
  <Mode>0</Mode>
  <FirmwareType>1</FirmwareType>
  <CreatedDate>2015-03-30T13:13:34.365592Z</CreatedDate>
  <LastChangedDate>2015-07-08T08:35:58.4172054Z</LastChangedDate>
  <Generation>2</Generation>
  <IsAssistCustomProgram>true</IsAssistCustomProgram>
  <Steps>
    <Step ActionId="11" ActionText="MoveAbsolute">
      <PositionX>74.3</PositionX>
      <PositionZ>54.5</PositionZ>
      <ReceivedRawPositionX>-9999</ReceivedRawPositionX>
      <SentRawPositionX>-9999</SentRawPositionX>
      <ReceivedRawPositionZ>-9999</ReceivedRawPositionZ>
      <SentRawPositionZ>-9999</SentRawPositionZ>
    </Step>
    <Step ActionId="1" ActionText="Aspirate">
      <Volume>1100</Volume>
      <Speed>3</Speed>
      <Tracking>0</Tracking>
      <PositionZ>105.6</PositionZ>
    </Step>
    <Step ActionId="13" ActionText="MoveZ">
      <PositionZ>77</PositionZ>
      <ReceivedRawPositionZ>-9999</ReceivedRawPositionZ>
      <SentRawPositionZ>-9999</SentRawPositionZ>
    </Step>
    <Step ActionId="11" ActionText="MoveAbsolute">
      <PositionX>0</PositionX>
      <PositionZ>20</PositionZ>
      <ReceivedRawPositionX>-9999</ReceivedRawPositionX>
      <SentRawPositionX>-9999</SentRawPositionX>
      <ReceivedRawPositionZ>-9999</ReceivedRawPositionZ>
      <SentRawPositionZ>-9999</SentRawPositionZ>
    </Step>
    <Step ActionId="2" ActionText="Dispense">
      <Volume>1100</Volume>
      <Speed>8</Speed>
      <Tracking>0</Tracking>
      <PositionZ>105.6</PositionZ>
    </Step>
    <Step ActionId="14" ActionText="BlowOut" />
    <Step ActionId="13" ActionText="MoveZ">
      <PositionZ>77</PositionZ>
      <ReceivedRawPositionZ>-9999</ReceivedRawPositionZ>
      <SentRawPositionZ>-9999</SentRawPositionZ>
    </Step>
    <Step ActionId="15" ActionText="BlowIn" />
    <Step ActionId="11" ActionText="MoveAbsolute">
      <PositionX>87.3</PositionX>
      <PositionZ>54.5</PositionZ>
      <ReceivedRawPositionX>-9999</ReceivedRawPositionX>
      <SentRawPositionX>-9999</SentRawPositionX>
      <ReceivedRawPositionZ>-9999</ReceivedRawPositionZ>
      <SentRawPositionZ>-9999</SentRawPositionZ>
    </Step>
    <Step ActionId="1" ActionText="Aspirate">
      <Volume>1100</Volume>
      <Speed>3</Speed>
      <Tracking>0</Tracking>
      <PositionZ>105.6</PositionZ>
    </Step>
    <Step ActionId="13" ActionText="MoveZ">
      <PositionZ>77</PositionZ>
      <ReceivedRawPositionZ>-9999</ReceivedRawPositionZ>
      <SentRawPositionZ>-9999</SentRawPositionZ>
    </Step>
    <Step ActionId="11" ActionText="MoveAbsolute">
      <PositionX>0</PositionX>
      <PositionZ>20</PositionZ>
      <ReceivedRawPositionX>-9999</ReceivedRawPositionX>
      <SentRawPositionX>-9999</SentRawPositionX>
      <ReceivedRawPositionZ>-9999</ReceivedRawPositionZ>
      <SentRawPositionZ>-9999</SentRawPositionZ>
    </Step>
    <Step ActionId="2" ActionText="Dispense">
      <Volume>1100</Volume>
      <Speed>8</Speed>
      <Tracking>0</Tracking>
      <PositionZ>105.6</PositionZ>
    </Step>
    <Step ActionId="14" ActionText="BlowOut" />
    <Step ActionId="13" ActionText="MoveZ">
      <PositionZ>77</PositionZ>
      <ReceivedRawPositionZ>-9999</ReceivedRawPositionZ>
      <SentRawPositionZ>-9999</SentRawPositionZ>
    </Step>
    <Step ActionId="15" ActionText="BlowIn" />
    <Step ActionId="11" ActionText="MoveAbsolute">
      <PositionX>100.3</PositionX>
      <PositionZ>54.5</PositionZ>
      <ReceivedRawPositionX>-9999</ReceivedRawPositionX>
      <SentRawPositionX>-9999</SentRawPositionX>
      <ReceivedRawPositionZ>-9999</ReceivedRawPositionZ>
      <SentRawPositionZ>-9999</SentRawPositionZ>
    </Step>
    <Step ActionId="1" ActionText="Aspirate">
      <Volume>1100</Volume>
      <Speed>3</Speed>
      <Tracking>0</Tracking>
      <PositionZ>105.6</PositionZ>
    </Step>
    <Step ActionId="13" ActionText="MoveZ">
      <PositionZ>77</PositionZ>
      <ReceivedRawPositionZ>-9999</ReceivedRawPositionZ>
      <SentRawPositionZ>-9999</SentRawPositionZ>
    </Step>
    <Step ActionId="11" ActionText="MoveAbsolute">
      <PositionX>0</PositionX>
      <PositionZ>20</PositionZ>
      <ReceivedRawPositionX>-9999</ReceivedRawPositionX>
      <SentRawPositionX>-9999</SentRawPositionX>
      <ReceivedRawPositionZ>-9999</ReceivedRawPositionZ>
      <SentRawPositionZ>-9999</SentRawPositionZ>
    </Step>
    <Step ActionId="2" ActionText="Dispense">
      <Volume>1100</Volume>
      <Speed>8</Speed>
      <Tracking>0</Tracking>
      <PositionZ>105.6</PositionZ>
    </Step>
    <Step ActionId="14" ActionText="BlowOut" />
    <Step ActionId="13" ActionText="MoveZ">
      <PositionZ>77</PositionZ>
      <ReceivedRawPositionZ>-9999</ReceivedRawPositionZ>
      <SentRawPositionZ>-9999</SentRawPositionZ>
    </Step>
    <Step ActionId="15" ActionText="BlowIn" />
    <Step ActionId="11" ActionText="MoveAbsolute">
      <PositionX>113.4</PositionX>
      <PositionZ>54.5</PositionZ>
      <ReceivedRawPositionX>-9999</ReceivedRawPositionX>
      <SentRawPositionX>-9999</SentRawPositionX>
      <ReceivedRawPositionZ>-9999</ReceivedRawPositionZ>
      <SentRawPositionZ>-9999</SentRawPositionZ>
    </Step>
    <Step ActionId="1" ActionText="Aspirate">
      <Volume>1100</Volume>
      <Speed>3</Speed>
      <Tracking>0</Tracking>
      <PositionZ>105.6</PositionZ>
    </Step>
    <Step ActionId="13" ActionText="MoveZ">
      <PositionZ>77</PositionZ>
      <ReceivedRawPositionZ>-9999</ReceivedRawPositionZ>
      <SentRawPositionZ>-9999</SentRawPositionZ>
    </Step>
    <Step ActionId="11" ActionText="MoveAbsolute">
      <PositionX>0</PositionX>
      <PositionZ>20</PositionZ>
      <ReceivedRawPositionX>-9999</ReceivedRawPositionX>
      <SentRawPositionX>-9999</SentRawPositionX>
      <ReceivedRawPositionZ>-9999</ReceivedRawPositionZ>
      <SentRawPositionZ>-9999</SentRawPositionZ>
    </Step>
    <Step ActionId="2" ActionText="Dispense">
      <Volume>1100</Volume>
      <Speed>8</Speed>
      <Tracking>0</Tracking>
      <PositionZ>105.6</PositionZ>
    </Step>
    <Step ActionId="14" ActionText="BlowOut" />
    <Step ActionId="13" ActionText="MoveZ">
      <PositionZ>77</PositionZ>
      <ReceivedRawPositionZ>-9999</ReceivedRawPositionZ>
      <SentRawPositionZ>-9999</SentRawPositionZ>
    </Step>
    <Step ActionId="15" ActionText="BlowIn" />
    <Step ActionId="11" ActionText="MoveAbsolute">
      <PositionX>126.3</PositionX>
      <PositionZ>54.5</PositionZ>
      <ReceivedRawPositionX>-9999</ReceivedRawPositionX>
      <SentRawPositionX>-9999</SentRawPositionX>
      <ReceivedRawPositionZ>-9999</ReceivedRawPositionZ>
      <SentRawPositionZ>-9999</SentRawPositionZ>
    </Step>
    <Step ActionId="1" ActionText="Aspirate">
      <Volume>1100</Volume>
      <Speed>3</Speed>
      <Tracking>0</Tracking>
      <PositionZ>105.6</PositionZ>
    </Step>
    <Step ActionId="13" ActionText="MoveZ">
      <PositionZ>77</PositionZ>
      <ReceivedRawPositionZ>-9999</ReceivedRawPositionZ>
      <SentRawPositionZ>-9999</SentRawPositionZ>
    </Step>
    <Step ActionId="11" ActionText="MoveAbsolute">
      <PositionX>0</PositionX>
      <PositionZ>20</PositionZ>
      <ReceivedRawPositionX>-9999</ReceivedRawPositionX>
      <SentRawPositionX>-9999</SentRawPositionX>
      <ReceivedRawPositionZ>-9999</ReceivedRawPositionZ>
      <SentRawPositionZ>-9999</SentRawPositionZ>
    </Step>
    <Step ActionId="2" ActionText="Dispense">
      <Volume>1100</Volume>
      <Speed>8</Speed>
      <Tracking>0</Tracking>
      <PositionZ>105.6</PositionZ>
    </Step>
    <Step ActionId="14" ActionText="BlowOut" />
    <Step ActionId="13" ActionText="MoveZ">
      <PositionZ>77</PositionZ>
      <ReceivedRawPositionZ>-9999</ReceivedRawPositionZ>
      <SentRawPositionZ>-9999</SentRawPositionZ>
    </Step>
    <Step ActionId="15" ActionText="BlowIn" />
    <Step ActionId="11" ActionText="MoveAbsolute">
      <PositionX>139.3</PositionX>
      <PositionZ>54.5</PositionZ>
      <ReceivedRawPositionX>-9999</ReceivedRawPositionX>
      <SentRawPositionX>-9999</SentRawPositionX>
      <ReceivedRawPositionZ>-9999</ReceivedRawPositionZ>
      <SentRawPositionZ>-9999</SentRawPositionZ>
    </Step>
    <Step ActionId="1" ActionText="Aspirate">
      <Volume>1100</Volume>
      <Speed>3</Speed>
      <Tracking>0</Tracking>
      <PositionZ>105.6</PositionZ>
    </Step>
    <Step ActionId="13" ActionText="MoveZ">
      <PositionZ>77</PositionZ>
      <ReceivedRawPositionZ>-9999</ReceivedRawPositionZ>
      <SentRawPositionZ>-9999</SentRawPositionZ>
    </Step>
    <Step ActionId="11" ActionText="MoveAbsolute">
      <PositionX>0</PositionX>
      <PositionZ>20</PositionZ>
      <ReceivedRawPositionX>-9999</ReceivedRawPositionX>
      <SentRawPositionX>-9999</SentRawPositionX>
      <ReceivedRawPositionZ>-9999</ReceivedRawPositionZ>
      <SentRawPositionZ>-9999</SentRawPositionZ>
    </Step>
    <Step ActionId="2" ActionText="Dispense">
      <Volume>1100</Volume>
      <Speed>8</Speed>
      <Tracking>0</Tracking>
      <PositionZ>105.6</PositionZ>
    </Step>
    <Step ActionId="14" ActionText="BlowOut" />
    <Step ActionId="13" ActionText="MoveZ">
      <PositionZ>77</PositionZ>
      <ReceivedRawPositionZ>-9999</ReceivedRawPositionZ>
      <SentRawPositionZ>-9999</SentRawPositionZ>
    </Step>
    <Step ActionId="15" ActionText="BlowIn" />
    <Step ActionId="11" ActionText="MoveAbsolute">
      <PositionX>152.3</PositionX>
      <PositionZ>54.5</PositionZ>
      <ReceivedRawPositionX>-9999</ReceivedRawPositionX>
      <SentRawPositionX>-9999</SentRawPositionX>
      <ReceivedRawPositionZ>-9999</ReceivedRawPositionZ>
      <SentRawPositionZ>-9999</SentRawPositionZ>
    </Step>
    <Step ActionId="1" ActionText="Aspirate">
      <Volume>1100</Volume>
      <Speed>3</Speed>
      <Tracking>0</Tracking>
      <PositionZ>105.6</PositionZ>
    </Step>
    <Step ActionId="13" ActionText="MoveZ">
      <PositionZ>77</PositionZ>
      <ReceivedRawPositionZ>-9999</ReceivedRawPositionZ>
      <SentRawPositionZ>-9999</SentRawPositionZ>
    </Step>
    <Step ActionId="11" ActionText="MoveAbsolute">
      <PositionX>0</PositionX>
      <PositionZ>20</PositionZ>
      <ReceivedRawPositionX>-9999</ReceivedRawPositionX>
      <SentRawPositionX>-9999</SentRawPositionX>
      <ReceivedRawPositionZ>-9999</ReceivedRawPositionZ>
      <SentRawPositionZ>-9999</SentRawPositionZ>
    </Step>
    <Step ActionId="2" ActionText="Dispense">
      <Volume>1100</Volume>
      <Speed>8</Speed>
      <Tracking>0</Tracking>
      <PositionZ>105.6</PositionZ>
    </Step>
    <Step ActionId="14" ActionText="BlowOut" />
    <Step ActionId="13" ActionText="MoveZ">
      <PositionZ>77</PositionZ>
      <ReceivedRawPositionZ>-9999</ReceivedRawPositionZ>
      <SentRawPositionZ>-9999</SentRawPositionZ>
    </Step>
    <Step ActionId="15" ActionText="BlowIn" />
    <Step ActionId="11" ActionText="MoveAbsolute">
      <PositionX>165.3</PositionX>
      <PositionZ>54.5</PositionZ>
      <ReceivedRawPositionX>-9999</ReceivedRawPositionX>
      <SentRawPositionX>-9999</SentRawPositionX>
      <ReceivedRawPositionZ>-9999</ReceivedRawPositionZ>
      <SentRawPositionZ>-9999</SentRawPositionZ>
    </Step>
    <Step ActionId="1" ActionText="Aspirate">
      <Volume>1100</Volume>
      <Speed>8</Speed>
      <Tracking>0</Tracking>
      <PositionZ>105.6</PositionZ>
    </Step>
    <Step ActionId="13" ActionText="MoveZ">
      <PositionZ>77</PositionZ>
      <ReceivedRawPositionZ>-9999</ReceivedRawPositionZ>
      <SentRawPositionZ>-9999</SentRawPositionZ>
    </Step>
    <Step ActionId="11" ActionText="MoveAbsolute">
      <PositionX>0</PositionX>
      <PositionZ>20</PositionZ>
      <ReceivedRawPositionX>-9999</ReceivedRawPositionX>
      <SentRawPositionX>-9999</SentRawPositionX>
      <ReceivedRawPositionZ>-9999</ReceivedRawPositionZ>
      <SentRawPositionZ>-9999</SentRawPositionZ>
    </Step>
    <Step ActionId="2" ActionText="Dispense">
      <Volume>1100</Volume>
      <Speed>8</Speed>
      <Tracking>0</Tracking>
      <PositionZ>105.6</PositionZ>
    </Step>
    <Step ActionId="14" ActionText="BlowOut" />
    <Step ActionId="13" ActionText="MoveZ">
      <PositionZ>77</PositionZ>
      <ReceivedRawPositionZ>-9999</ReceivedRawPositionZ>
      <SentRawPositionZ>-9999</SentRawPositionZ>
    </Step>
    <Step ActionId="15" ActionText="BlowIn" />
  </Steps>
</CustomProgram>