<?xml version="1.0" encoding="utf-16"?>
<CustomProgram>
  <Volume>1250</Volume>
  <Channels>0</Channels>
  <Name>REMOVE_CV</Name>
  <Description>along long side of 48-well plate Greiner 677180</Description>
  <ExtendedVolume>true</ExtendedVolume>
  <Mode>0</Mode>
  <FirmwareType>1</FirmwareType>
  <CreatedDate>2015-04-02T07:52:43.0083069Z</CreatedDate>
  <LastChangedDate>2015-07-08T08:35:54.6089876Z</LastChangedDate>
  <Generation>2</Generation>
  <IsAssistCustomProgram>true</IsAssistCustomProgram>
  <Steps>
    <Step ActionId="11" ActionText="MoveAbsolute">
      <PositionX>74.3</PositionX>
      <PositionZ>54.5</PositionZ>
      <ReceivedRawPositionX>-9999</ReceivedRawPositionX>
      <SentRawPositionX>-9999</SentRawPositionX>
      <ReceivedRawPositionZ>-9999</ReceivedRawPositionZ>
      <SentRawPositionZ>-9999</SentRawPositionZ>
    </Step>
    <Step ActionId="1" ActionText="Aspirate">
      <Volume>200</Volume>
      <Speed>3</Speed>
      <Tracking>0.0</Tracking>
      <PositionZ>105.6</PositionZ>
    </Step>
    <Step ActionId="13" ActionText="MoveZ">
      <PositionZ>77</PositionZ>
      <ReceivedRawPositionZ>-9999</ReceivedRawPositionZ>
      <SentRawPositionZ>-9999</SentRawPositionZ>
    </Step>
    <Step ActionId="12" ActionText="MoveX">
      <MoveX>13</MoveX>
    </Step>
    <Step ActionId="13" ActionText="MoveZ">
      <PositionZ>55.5</PositionZ>
      <ReceivedRawPositionZ>-9999</ReceivedRawPositionZ>
      <SentRawPositionZ>-9999</SentRawPositionZ>
    </Step>
    <Step ActionId="1" ActionText="Aspirate">
      <Volume>200</Volume>
      <Speed>8</Speed>
      <Tracking>0.0</Tracking>
      <PositionZ>105.6</PositionZ>
    </Step>
    <Step ActionId="19" ActionText="Loop">
      <LoopToStep>3</LoopToStep>
      <LoopCount>5</LoopCount>
    </Step>
    <Step ActionId="13" ActionText="MoveZ">
      <PositionZ>77</PositionZ>
      <ReceivedRawPositionZ>-9999</ReceivedRawPositionZ>
      <SentRawPositionZ>-9999</SentRawPositionZ>
    </Step>
    <Step ActionId="11" ActionText="MoveAbsolute">
      <PositionX>0</PositionX>
      <PositionZ>20</PositionZ>
      <ReceivedRawPositionX>-9999</ReceivedRawPositionX>
      <SentRawPositionX>-9999</SentRawPositionX>
      <ReceivedRawPositionZ>-9999</ReceivedRawPositionZ>
      <SentRawPositionZ>-9999</SentRawPositionZ>
    </Step>
    <Step ActionId="2" ActionText="Dispense">
      <Volume>1200</Volume>
      <Speed>8</Speed>
      <Tracking>0.0</Tracking>
      <PositionZ>105.6</PositionZ>
    </Step>
    <Step ActionId="14" ActionText="BlowOut" />
    <Step ActionId="13" ActionText="MoveZ">
      <PositionZ>77</PositionZ>
      <ReceivedRawPositionZ>-9999</ReceivedRawPositionZ>
      <SentRawPositionZ>-9999</SentRawPositionZ>
    </Step>
    <Step ActionId="15" ActionText="BlowIn" />
    <Step ActionId="11" ActionText="MoveAbsolute">
      <PositionX>152.3</PositionX>
      <PositionZ>54.5</PositionZ>
      <ReceivedRawPositionX>-9999</ReceivedRawPositionX>
      <SentRawPositionX>-9999</SentRawPositionX>
      <ReceivedRawPositionZ>-9999</ReceivedRawPositionZ>
      <SentRawPositionZ>-9999</SentRawPositionZ>
    </Step>
    <Step ActionId="1" ActionText="Aspirate">
      <Volume>200</Volume>
      <Speed>3</Speed>
      <Tracking>0.0</Tracking>
      <PositionZ>105.6</PositionZ>
    </Step>
    <Step ActionId="13" ActionText="MoveZ">
      <PositionZ>77</PositionZ>
      <ReceivedRawPositionZ>-9999</ReceivedRawPositionZ>
      <SentRawPositionZ>-9999</SentRawPositionZ>
    </Step>
    <Step ActionId="12" ActionText="MoveX">
      <MoveX>13</MoveX>
    </Step>
    <Step ActionId="13" ActionText="MoveZ">
      <PositionZ>55.5</PositionZ>
      <ReceivedRawPositionZ>-9999</ReceivedRawPositionZ>
      <SentRawPositionZ>-9999</SentRawPositionZ>
    </Step>
    <Step ActionId="1" ActionText="Aspirate">
      <Volume>200</Volume>
      <Speed>3</Speed>
      <Tracking>0.0</Tracking>
      <PositionZ>105.6</PositionZ>
    </Step>
    <Step ActionId="19" ActionText="Loop">
      <LoopToStep>16</LoopToStep>
      <LoopCount>1</LoopCount>
    </Step>
    <Step ActionId="13" ActionText="MoveZ">
      <PositionZ>77</PositionZ>
      <ReceivedRawPositionZ>-9999</ReceivedRawPositionZ>
      <SentRawPositionZ>-9999</SentRawPositionZ>
    </Step>
    <Step ActionId="11" ActionText="MoveAbsolute">
      <PositionX>0</PositionX>
      <PositionZ>20</PositionZ>
      <ReceivedRawPositionX>-9999</ReceivedRawPositionX>
      <SentRawPositionX>-9999</SentRawPositionX>
      <ReceivedRawPositionZ>-9999</ReceivedRawPositionZ>
      <SentRawPositionZ>-9999</SentRawPositionZ>
    </Step>
    <Step ActionId="2" ActionText="Dispense">
      <Volume>400</Volume>
      <Speed>8</Speed>
      <Tracking>0.0</Tracking>
      <PositionZ>105.6</PositionZ>
    </Step>
    <Step ActionId="14" ActionText="BlowOut" />
    <Step ActionId="13" ActionText="MoveZ">
      <PositionZ>77</PositionZ>
      <ReceivedRawPositionZ>-9999</ReceivedRawPositionZ>
      <SentRawPositionZ>-9999</SentRawPositionZ>
    </Step>
    <Step ActionId="15" ActionText="BlowIn" />
  </Steps>
</CustomProgram>