<?xml version="1.0" encoding="UTF-8"?>
<config xmlns="http://www.knime.org/2008/09/XMLConfig" xmlns:xsi="http://www.w3.org/2001/XMLSchema-instance" xsi:schemaLocation="http://www.knime.org/2008/09/XMLConfig http://www.knime.org/XMLConfig_2008_09.xsd" key="view.config">
<config key="readouts">
<entry key="array-size" type="xint" value="3"/>
<entry key="0" type="xstring" value="Abs_630"/>
<entry key="1" type="xstring" value="Abs_750"/>
<entry key="2" type="xstring" value="Abs_580"/>
</config>
<config key="annotations">
<entry key="array-size" type="xint" value="3"/>
<entry key="0" type="xstring" value="treatment"/>
<entry key="1" type="xstring" value="treat_conc_mM"/>
<entry key="2" type="xstring" value="plate_ID"/>
</config>
<config key="reference.populations">
<config key="plate_ID">
<entry key="array-size" type="xint" value="1"/>
<entry key="0" type="xstring" value="SM1_1"/>
</config>
</config>
<config key="image.attributes">
<entry key="array-size" type="xint" value="0"/>
</config>
<entry key="current.readout" type="xstring" value="Abs_630"/>
<entry key="current.overlay" type="xstring" value=""/>
<entry key="readout.rescale.strategy" type="xstring" value="de.mpicbg.knime.hcs.base.heatmap.color.MinMaxStrategy"/>
<entry key="global.scaling" type="xboolean" value="false"/>
<config key="color.scheme">
<entry key="error.color" type="xint" value="-1"/>
</config>
<config key="color.gradient">
<entry key="gradient.name" type="xstring" value="GBR"/>
<config key="gradient.fractions">
<entry key="array-size" type="xint" value="3"/>
<entry key="0" type="xdouble" value="0.0"/>
<entry key="1" type="xdouble" value="0.5"/>
<entry key="2" type="xdouble" value="1.0"/>
</config>
<config key="gradient.start">
<entry key="array-size" type="xint" value="2"/>
<entry key="0" type="xdouble" value="0.0"/>
<entry key="1" type="xdouble" value="0.0"/>
</config>
<config key="gradient.end">
<entry key="array-size" type="xint" value="2"/>
<entry key="0" type="xdouble" value="100.0"/>
<entry key="1" type="xdouble" value="0.0"/>
</config>
<config key="gradient.colors">
<entry key="array-size" type="xint" value="3"/>
<entry key="0" type="xint" value="-16711936"/>
<entry key="1" type="xint" value="-16777216"/>
<entry key="2" type="xint" value="-65536"/>
</config>
</config>
<entry key="knime.color.attribute" type="xstring" value=""/>
<entry key="automatic.trellis.configuration" type="xboolean" value="true"/>
<entry key="number.of.trellis.rows" type="xint" value="1"/>
<entry key="number.of.trellis.columns" type="xint" value="3"/>
<entry key="fix.plate.proportions" type="xboolean" value="true"/>
<entry key="hide.most.frequent.overlay" type="xboolean" value="false"/>
<config key="max.frequent.overlay">
<entry key="plate_ID" type="xstring" value="150522ag"/>
<entry key="treatment" type="xstring" value="NA"/>
</config>
<entry key="plate.filter.attribute" type="xstring" value="barcode"/>
<entry key="plate.filter.string" type="xstring" value=""/>
<config key="sort.attribute.selection">
<entry key="array-size" type="xint" value="0"/>
</config>
</config>
