{
  "Seq_annot": {
    "desc": [
      {
        "user": {
          "type": {
            "str": "Hist Seqalign"
          },
          "data": [
            {
              "label": {
                "str": "Hist Seqalign"
              },
              "data": {
                "bool": true
              }
            }
          ]
        }
      },
      {
        "user": {
          "type": {
            "str": "Blast Type"
          },
          "data": [
            {
              "label": {
                "str": "megablast"
              },
              "data": {
                "int": 8
              }
            }
          ]
        }
      },
      {
        "user": {
          "type": {
            "str": "Blast Database Title"
          },
          "data": [
            {
              "label": {
                "str": "Nucleotide collection (nt)"
              },
              "data": {
                "bool": true
              }
            }
          ]
        }
      }
    ],
    "data": {
      "align": [
        {
          "type": "partial",
          "dim": 2,
          "score": [
            {
              "id": {
                "str": "score"
              },
              "value": {
                "int": 324
              }
            },
            {
              "id": {
                "str": "blast_score"
              },
              "value": {
                "int": 324
              }
            },
            {
              "id": {
                "str": "e_value"
              },
              "value": {
                "real": 6.41655834715423e-175
              }
            },
            {
              "id": {
                "str": "bit_score"
              },
              "value": {
                "real": 599.434781591189
              }
            },
            {
              "id": {
                "str": "num_ident"
              },
              "value": {
                "int": 938
              }
            },
            {
              "id": {
                "str": "use_this_gi"
              },
              "value": {
                "int": 195952293
              }
            },
            {
              "id": {
                "str": "use_this_gi"
              },
              "value": {
                "int": 636560349
              }
            },
            {
              "id": {
                "str": "hsp_percent_coverage"
              },
              "value": {
                "real": 81.5483870967742
              }
            },
            {
              "id": {
                "str": "pc_ident"
              },
              "value": {
                "real": 0.76260162601626
              }
            },
            {
              "id": {
                "str": "seq_evalue"
              },
              "value": {
                "real": 6.41655834715423e-175
              }
            },
            {
              "id": {
                "str": "seq_bit_score"
              },
              "value": {
                "real": 599.434781591189
              }
            },
            {
              "id": {
                "str": "seq_total_bit_score"
              },
              "value": {
                "real": 599.434781591189
              }
            },
            {
              "id": {
                "str": "seq_percent_coverage"
              },
              "value": {
                "int": 81
              }
            },
            {
              "id": {
                "str": "seq_percent_identity"
              },
              "value": {
                "int": 76
              }
            },
            {
              "id": {
                "str": "seq_hspnum"
              },
              "value": {
                "int": 1
              }
            },
            {
              "id": {
                "str": "seq_align_totlen"
              },
              "value": {
                "real": 1230
              }
            }
          ],
          "segs": {
            "denseg": {
              "dim": 2,
              "numseg": 99,
              "ids": [
                {
                  "local": {
                    "str": "Query_26771"
                  }
                },
                {
                  "gi": 636560349
                }
              ],
              "starts": [
                165,
                122,
                213,
                -1,
                214,
                170,
                380,
                -1,
                381,
                336,
                391,
                -1,
                393,
                346,
                403,
                -1,
                404,
                356,
                409,
                -1,
                410,
                361,
                411,
                -1,
                412,
                362,
                414,
                -1,
                415,
                364,
                416,
                -1,
                417,
                365,
                421,
                -1,
                423,
                369,
                424,
                -1,
                425,
                370,
                427,
                -1,
                429,
                372,
                430,
                -1,
                431,
                373,
                433,
                -1,
                434,
                375,
                435,
                -1,
                437,
                376,
                440,
                -1,
                442,
                379,
                445,
                -1,
                446,
                382,
                -1,
                428,
                492,
                429,
                -1,
                467,
                530,
                468,
                -1,
                479,
                541,
                480,
                545,
                -1,
                546,
                484,
                562,
                -1,
                563,
                500,
                -1,
                506,
                569,
                507,
                -1,
                513,
                575,
                514,
                579,
                -1,
                580,
                518,
                598,
                -1,
                599,
                536,
                -1,
                538,
                601,
                539,
                -1,
                631,
                693,
                633,
                696,
                -1,
                698,
                636,
                -1,
                725,
                787,
                726,
                -1,
                735,
                796,
                736,
                -1,
                882,
                942,
                884,
                -1,
                888,
                946,
                890,
                954,
                -1,
                956,
                898,
                967,
                -1,
                968,
                909,
                972,
                -1,
                973,
                913,
                -1,
                921,
                981,
                922,
                -1,
                924,
                983,
                925,
                -1,
                934,
                992,
                937,
                -1,
                939,
                994,
                940,
                1082,
                -1,
                1083,
                1028,
                -1,
                1061,
                1116,
                1062,
                1123,
                -1,
                1124,
                1069,
                1193,
                -1,
                1194,
                1138,
                -1,
                1141,
                1197,
                1142,
                -1,
                1157,
                1212,
                1158,
                1214,
                -1,
                1215,
                1160,
                1243,
                -1,
                1244,
                1188,
                1312,
                -1,
                1313,
                1256,
                -1,
                1302,
                1359,
                1303
              ],
              "lens": [
                48,
                1,
                166,
                1,
                10,
                2,
                10,
                1,
                5,
                1,
                1,
                1,
                2,
                1,
                1,
                1,
                4,
                2,
                1,
                1,
                2,
                2,
                1,
                1,
                2,
                1,
                1,
                2,
                3,
                2,
                3,
                1,
                46,
                1,
                38,
                1,
                11,
                1,
                4,
                1,
                16,
                1,
                6,
                1,
                6,
                1,
                4,
                1,
                18,
                1,
                2,
                1,
                92,
                2,
                3,
                2,
                89,
                1,
                9,
                1,
                146,
                2,
                4,
                2,
                8,
                2,
                11,
                1,
                4,
                1,
                8,
                1,
                2,
                1,
                9,
                3,
                2,
                1,
                88,
                1,
                33,
                1,
                7,
                1,
                69,
                1,
                3,
                1,
                15,
                1,
                2,
                1,
                28,
                1,
                68,
                1,
                46,
                1,
                12
              ],
              "strands": [
                "plus",
                "plus",
                "plus",
                "plus",
                "plus",
                "plus",
                "plus",
                "plus",
                "plus",
                "plus",
                "plus",
                "plus",
                "plus",
                "plus",
                "plus",
                "plus",
                "plus",
                "plus",
                "plus",
                "plus",
                "plus",
                "plus",
                "plus",
                "plus",
                "plus",
                "plus",
                "plus",
                "plus",
                "plus",
                "plus",
                "plus",
                "plus",
                "plus",
                "plus",
                "plus",
                "plus",
                "plus",
                "plus",
                "plus",
                "plus",
                "plus",
                "plus",
                "plus",
                "plus",
                "plus",
                "plus",
                "plus",
                "plus",
                "plus",
                "plus",
                "plus",
                "plus",
                "plus",
                "plus",
                "plus",
                "plus",
                "plus",
                "plus",
                "plus",
                "plus",
                "plus",
                "plus",
                "plus",
                "plus",
                "plus",
                "plus",
                "plus",
                "plus",
                "plus",
                "plus",
                "plus",
                "plus",
                "plus",
                "plus",
                "plus",
                "plus",
                "plus",
                "plus",
                "plus",
                "plus",
                "plus",
                "plus",
                "plus",
                "plus",
                "plus",
                "plus",
                "plus",
                "plus",
                "plus",
                "plus",
                "plus",
                "plus",
                "plus",
                "plus",
                "plus",
                "plus",
                "plus",
                "plus",
                "plus",
                "plus",
                "plus",
                "plus",
                "plus",
                "plus",
                "plus",
                "plus",
                "plus",
                "plus",
                "plus",
                "plus",
                "plus",
                "plus",
                "plus",
                "plus",
                "plus",
                "plus",
                "plus",
                "plus",
                "plus",
                "plus",
                "plus",
                "plus",
                "plus",
                "plus",
                "plus",
                "plus",
                "plus",
                "plus",
                "plus",
                "plus",
                "plus",
                "plus",
                "plus",
                "plus",
                "plus",
                "plus",
                "plus",
                "plus",
                "plus",
                "plus",
                "plus",
                "plus",
                "plus",
                "plus",
                "plus",
                "plus",
                "plus",
                "plus",
                "plus",
                "plus",
                "plus",
                "plus",
                "plus",
                "plus",
                "plus",
                "plus",
                "plus",
                "plus",
                "plus",
                "plus",
                "plus",
                "plus",
                "plus",
                "plus",
                "plus",
                "plus",
                "plus",
                "plus",
                "plus",
                "plus",
                "plus",
                "plus",
                "plus",
                "plus",
                "plus",
                "plus",
                "plus",
                "plus",
                "plus",
                "plus",
                "plus",
                "plus",
                "plus",
                "plus",
                "plus",
                "plus",
                "plus",
                "plus",
                "plus",
                "plus",
                "plus",
                "plus",
                "plus",
                "plus",
                "plus",
                "plus",
                "plus",
                "plus"
              ]
            }
          }
        },
        {
          "type": "partial",
          "dim": 2,
          "score": [
            {
              "id": {
                "str": "score"
              },
              "value": {
                "int": 152
              }
            },
            {
              "id": {
                "str": "blast_score"
              },
              "value": {
                "int": 152
              }
            },
            {
              "id": {
                "str": "e_value"
              },
              "value": {
                "real": 2.63982588816804e-79
              }
            },
            {
              "id": {
                "str": "bit_score"
              },
              "value": {
                "real": 281.811041389074
              }
            },
            {
              "id": {
                "str": "num_ident"
              },
              "value": {
                "int": 466
              }
            },
            {
              "id": {
                "str": "use_this_gi"
              },
              "value": {
                "int": 817250429
              }
            },
            {
              "id": {
                "str": "hsp_percent_coverage"
              },
              "value": {
                "real": 41.494623655914
              }
            },
            {
              "id": {
                "str": "pc_ident"
              },
              "value": {
                "real": 0.757723577235772
              }
            },
            {
              "id": {
                "str": "seq_evalue"
              },
              "value": {
                "real": 2.63982588816804e-79
              }
            },
            {
              "id": {
                "str": "seq_bit_score"
              },
              "value": {
                "real": 281.811041389074
              }
            },
            {
              "id": {
                "str": "seq_total_bit_score"
              },
              "value": {
                "real": 281.811041389074
              }
            },
            {
              "id": {
                "str": "seq_percent_coverage"
              },
              "value": {
                "int": 40
              }
            },
            {
              "id": {
                "str": "seq_percent_identity"
              },
              "value": {
                "int": 76
              }
            },
            {
              "id": {
                "str": "seq_hspnum"
              },
              "value": {
                "int": 1
              }
            },
            {
              "id": {
                "str": "seq_align_totlen"
              },
              "value": {
                "real": 615
              }
            }
          ],
          "segs": {
            "denseg": {
              "dim": 2,
              "numseg": 33,
              "ids": [
                {
                  "local": {
                    "str": "Query_26771"
                  }
                },
                {
                  "gi": 817250429
                }
              ],
              "starts": [
                165,
                111,
                213,
                -1,
                214,
                159,
                380,
                -1,
                381,
                325,
                391,
                -1,
                393,
                335,
                399,
                -1,
                400,
                341,
                402,
                -1,
                412,
                343,
                413,
                -1,
                414,
                344,
                415,
                -1,
                419,
                345,
                430,
                -1,
                431,
                356,
                -1,
                365,
                440,
                366,
                445,
                -1,
                446,
                371,
                -1,
                468,
                543,
                469,
                548,
                -1,
                549,
                474,
                598,
                -1,
                599,
                523,
                -1,
                527,
                603,
                528,
                -1,
                618,
                693,
                620,
                698,
                -1,
                700,
                625
              ],
              "lens": [
                48,
                1,
                166,
                1,
                10,
                2,
                6,
                1,
                2,
                10,
                1,
                1,
                1,
                4,
                11,
                1,
                9,
                1,
                5,
                1,
                97,
                1,
                5,
                1,
                49,
                1,
                4,
                1,
                90,
                2,
                5,
                2,
                75
              ],
              "strands": [
                "plus",
                "plus",
                "plus",
                "plus",
                "plus",
                "plus",
                "plus",
                "plus",
                "plus",
                "plus",
                "plus",
                "plus",
                "plus",
                "plus",
                "plus",
                "plus",
                "plus",
                "plus",
                "plus",
                "plus",
                "plus",
                "plus",
                "plus",
                "plus",
                "plus",
                "plus",
                "plus",
                "plus",
                "plus",
                "plus",
                "plus",
                "plus",
                "plus",
                "plus",
                "plus",
                "plus",
                "plus",
                "plus",
                "plus",
                "plus",
                "plus",
                "plus",
                "plus",
                "plus",
                "plus",
                "plus",
                "plus",
                "plus",
                "plus",
                "plus",
                "plus",
                "plus",
                "plus",
                "plus",
                "plus",
                "plus",
                "plus",
                "plus",
                "plus",
                "plus",
                "plus",
                "plus",
                "plus",
                "plus",
                "plus",
                "plus"
              ]
            }
          }
        }
      ]
    }
  }
}




